run_id,experiment_id,status,artifact_uri,start_time,end_time,metrics.strategy_mdd,metrics.avg_run_length_days,metrics.mean_return_regime_0,metrics.mean_return_regime_1,metrics.sharpe_regime_0,metrics.sharpe_regime_1,metrics.n_transitions,metrics.mean_return_regime_2,metrics.log_likelihood,metrics.benchmark_mdd,metrics.strategy_avg_drawdown,metrics.mean_return_regime_3,metrics.sharpe_regime_3,metrics.bic,metrics.benchmark_avg_drawdown,metrics.sharpe_regime_2,params.covariance_type,params.model_type,params.bull_regime_label,params.trans_regime_label,params.crisis_regime_label,params.n_components,tags.mlflow.runName,tags.mlflow.source.type,tags.mlflow.user,tags.mlflow.source.name
ee19f17410a548a2ba8658ef63c290bb,3,FINISHED,file:C:/Users/shure/TaroBall/Gtech/ISYE-7406-OAN/Project/mlruns/3/ee19f17410a548a2ba8658ef63c290bb/artifacts,2026-04-02 03:49:56.287000+00:00,2026-04-02 03:49:59.756000+00:00,-0.30382235425473647,4.257575757575758,0.001617,-0.012776,4.943,-23.274,330.0,0.006762,-28347333.069583595,-0.34180657365807543,-0.09701829525424452,0.001477,0.765,41272.545201775756,-0.0731405693348443,12.825,diag,HMM_n4_diag_iter300_seed808,2,0,3,4,HMM_n4_diag_iter300_seed808,NOTEBOOK,shure,regime_modeling.ipynb
fdbd81e795c64092976eb7637395c164,3,FINISHED,file:C:/Users/shure/TaroBall/Gtech/ISYE-7406-OAN/Project/mlruns/3/fdbd81e795c64092976eb7637395c164/artifacts,2026-04-02 03:49:52.859000+00:00,2026-04-02 03:49:56.169000+00:00,-0.30382235425473647,4.257575757575758,0.006757,0.001604,12.844,4.901,330.0,0.001477,-28347331.92620504,-0.34180657365807543,-0.09701829525424452,-0.012776,-23.274,41272.543574190626,-0.0731405693348443,0.765,diag,HMM_n4_diag_iter300_seed69,0,1,2,4,HMM_n4_diag_iter300_seed69,NOTEBOOK,shure,regime_modeling.ipynb
ac450cac20ca4c6cb9822ba36d4df67d,3,FINISHED,file:C:/Users/shure/TaroBall/Gtech/ISYE-7406-OAN/Project/mlruns/3/ac450cac20ca4c6cb9822ba36d4df67d/artifacts,2026-04-02 03:49:49.293000+00:00,2026-04-02 03:49:52.729000+00:00,-0.30382235425473647,4.34984520123839,0.00161,0.001477,4.863,0.765,323.0,0.006684,-28345651.732193552,-0.34180657365807543,-0.09701829525424452,-0.012785,-23.246,41270.151838942955,-0.0731405693348443,12.74,diag,HMM_n4_diag_iter300_seed1337,2,0,1,4,HMM_n4_diag_iter300_seed1337,NOTEBOOK,shure,regime_modeling.ipynb
abc8ca3269d14e3cbc05f1d1dbc868b4,3,FINISHED,file:C:/Users/shure/TaroBall/Gtech/ISYE-7406-OAN/Project/mlruns/3/abc8ca3269d14e3cbc05f1d1dbc868b4/artifacts,2026-04-02 03:49:45.721000+00:00,2026-04-02 03:49:49.168000+00:00,-0.30382235425473647,4.34984520123839,0.00161,0.006684,4.863,12.74,323.0,-0.012785,-28345654.14169213,-0.34180657365807543,-0.09701829525424452,0.001477,0.765,41270.15526883417,-0.0731405693348443,-23.246,diag,HMM_n4_diag_iter300_seed123,1,0,3,4,HMM_n4_diag_iter300_seed123,NOTEBOOK,shure,regime_modeling.ipynb
c5647950d6a045f58b572e99128c2284,3,FINISHED,file:C:/Users/shure/TaroBall/Gtech/ISYE-7406-OAN/Project/mlruns/3/c5647950d6a045f58b572e99128c2284/artifacts,2026-04-02 03:49:42.154000+00:00,2026-04-02 03:49:45.613000+00:00,-0.2706151385413933,9.756944444444445,0.001567,0.003292,4.591,7.81,144.0,0.000323,-28170084.887665454,-0.34180657365807543,-0.07090307719792074,-0.002904,-3.192,41020.23462253285,-0.0731405693348443,0.176,diag,HMM_n4_diag_iter300_seed420,1,0,2,4,HMM_n4_diag_iter300_seed420,NOTEBOOK,shure,regime_modeling.ipynb
9ab2593e63424001aeefbf1719696ba5,3,FINISHED,file:C:/Users/shure/TaroBall/Gtech/ISYE-7406-OAN/Project/mlruns/3/9ab2593e63424001aeefbf1719696ba5/artifacts,2026-04-02 03:49:38.548000+00:00,2026-04-02 03:49:41.988000+00:00,-0.30382235425473647,4.257575757575758,0.001617,-0.012776,4.943,-23.274,330.0,0.006762,-28347333.069583476,-0.34180657365807543,-0.09701829525424452,0.001477,0.765,41272.54520177559,-0.0731405693348443,12.825,diag,HMM_n4_diag_iter200_seed808,2,0,3,4,HMM_n4_diag_iter200_seed808,NOTEBOOK,shure,regime_modeling.ipynb
a1bf9fe82db843eaa234f625d8e9a9d4,3,FINISHED,file:C:/Users/shure/TaroBall/Gtech/ISYE-7406-OAN/Project/mlruns/3/a1bf9fe82db843eaa234f625d8e9a9d4/artifacts,2026-04-02 03:49:34.991000+00:00,2026-04-02 03:49:38.424000+00:00,-0.30382235425473647,4.257575757575758,0.006757,0.001604,12.844,4.901,330.0,0.001477,-28347331.92620524,-0.34180657365807543,-0.09701829525424452,-0.012776,-23.274,41272.54357419091,-0.0731405693348443,0.765,diag,HMM_n4_diag_iter200_seed69,0,1,2,4,HMM_n4_diag_iter200_seed69,NOTEBOOK,shure,regime_modeling.ipynb
d4289d9f12a64f239411758395b37181,3,FINISHED,file:C:/Users/shure/TaroBall/Gtech/ISYE-7406-OAN/Project/mlruns/3/d4289d9f12a64f239411758395b37181/artifacts,2026-04-02 03:49:31.351000+00:00,2026-04-02 03:49:34.870000+00:00,-0.30382235425473647,4.34984520123839,0.00161,0.001477,4.863,0.765,323.0,0.006684,-28345651.732193552,-0.34180657365807543,-0.09701829525424452,-0.012785,-23.246,41270.151838942955,-0.0731405693348443,12.74,diag,HMM_n4_diag_iter200_seed1337,2,0,1,4,HMM_n4_diag_iter200_seed1337,NOTEBOOK,shure,regime_modeling.ipynb
b8031b1ee79b426282ff9671d0ae0c9b,3,FINISHED,file:C:/Users/shure/TaroBall/Gtech/ISYE-7406-OAN/Project/mlruns/3/b8031b1ee79b426282ff9671d0ae0c9b/artifacts,2026-04-02 03:49:27.797000+00:00,2026-04-02 03:49:31.230000+00:00,-0.30382235425473647,4.34984520123839,0.00161,0.006684,4.863,12.74,323.0,-0.012785,-28345654.14169213,-0.34180657365807543,-0.09701829525424452,0.001477,0.765,41270.15526883417,-0.0731405693348443,-23.246,diag,HMM_n4_diag_iter200_seed123,1,0,3,4,HMM_n4_diag_iter200_seed123,NOTEBOOK,shure,regime_modeling.ipynb
8c52fae6a96a4f3086c667b842cd40fa,3,FINISHED,file:C:/Users/shure/TaroBall/Gtech/ISYE-7406-OAN/Project/mlruns/3/8c52fae6a96a4f3086c667b842cd40fa/artifacts,2026-04-02 03:49:24.087000+00:00,2026-04-02 03:49:27.681000+00:00,-0.2706151385413933,9.756944444444445,0.001567,0.003292,4.591,7.81,144.0,0.000323,-28170084.887665454,-0.34180657365807543,-0.07090307719792074,-0.002904,-3.192,41020.23462253285,-0.0731405693348443,0.176,diag,HMM_n4_diag_iter200_seed420,1,0,2,4,HMM_n4_diag_iter200_seed420,NOTEBOOK,shure,regime_modeling.ipynb
73bc4f39c9334353aa6be9bd72469121,3,FINISHED,file:C:/Users/shure/TaroBall/Gtech/ISYE-7406-OAN/Project/mlruns/3/73bc4f39c9334353aa6be9bd72469121/artifacts,2026-04-02 03:49:20.588000+00:00,2026-04-02 03:49:23.934000+00:00,-0.30382235425473647,4.257575757575758,0.001617,-0.012776,4.943,-23.274,330.0,0.006762,-28347333.069583718,-0.34180657365807543,-0.09701829525424452,0.001477,0.765,41272.54520177593,-0.0731405693348443,12.825,diag,HMM_n4_diag_iter100_seed808,2,0,3,4,HMM_n4_diag_iter100_seed808,NOTEBOOK,shure,regime_modeling.ipynb
2b9d2fb260814b308b1b1a10170ad86b,3,FINISHED,file:C:/Users/shure/TaroBall/Gtech/ISYE-7406-OAN/Project/mlruns/3/2b9d2fb260814b308b1b1a10170ad86b/artifacts,2026-04-02 03:49:17.122000+00:00,2026-04-02 03:49:20.480000+00:00,-0.30382235425473647,4.257575757575758,0.006757,0.001604,12.844,4.901,330.0,0.001477,-28347331.92620553,-0.34180657365807543,-0.09701829525424452,-0.012776,-23.274,41272.543574191324,-0.0731405693348443,0.765,diag,HMM_n4_diag_iter100_seed69,0,1,2,4,HMM_n4_diag_iter100_seed69,NOTEBOOK,shure,regime_modeling.ipynb
d712e0ae30ae4619ae9af4ff4a9d40aa,3,FINISHED,file:C:/Users/shure/TaroBall/Gtech/ISYE-7406-OAN/Project/mlruns/3/d712e0ae30ae4619ae9af4ff4a9d40aa/artifacts,2026-04-02 03:49:13.637000+00:00,2026-04-02 03:49:16.995000+00:00,-0.30382235425473647,4.34984520123839,0.00161,0.001477,4.863,0.765,323.0,0.006684,-28345651.73219321,-0.34180657365807543,-0.09701829525424452,-0.012785,-23.246,41270.15183894247,-0.0731405693348443,12.74,diag,HMM_n4_diag_iter100_seed1337,2,0,1,4,HMM_n4_diag_iter100_seed1337,NOTEBOOK,shure,regime_modeling.ipynb
e4d1080338464bbaa874fabf73a7b17d,3,FINISHED,file:C:/Users/shure/TaroBall/Gtech/ISYE-7406-OAN/Project/mlruns/3/e4d1080338464bbaa874fabf73a7b17d/artifacts,2026-04-02 03:49:10.143000+00:00,2026-04-02 03:49:13.505000+00:00,-0.30382235425473647,4.34984520123839,0.00161,0.006684,4.863,12.74,323.0,-0.012785,-28345654.141692284,-0.34180657365807543,-0.09701829525424452,0.001477,0.765,41270.15526883439,-0.0731405693348443,-23.246,diag,HMM_n4_diag_iter100_seed123,1,0,3,4,HMM_n4_diag_iter100_seed123,NOTEBOOK,shure,regime_modeling.ipynb
553368b058554c14bcd182456fc50fc4,3,FINISHED,file:C:/Users/shure/TaroBall/Gtech/ISYE-7406-OAN/Project/mlruns/3/553368b058554c14bcd182456fc50fc4/artifacts,2026-04-02 03:49:06.747000+00:00,2026-04-02 03:49:10.036000+00:00,-0.2706151385413933,9.756944444444445,0.001567,0.003292,4.591,7.81,144.0,0.000323,-28170084.887665454,-0.34180657365807543,-0.07090307719792074,-0.002904,-3.192,41020.23462253285,-0.0731405693348443,0.176,diag,HMM_n4_diag_iter100_seed420,1,0,2,4,HMM_n4_diag_iter100_seed420,NOTEBOOK,shure,regime_modeling.ipynb
bb4dcf17a214476a973c5067530a8560,3,FINISHED,file:C:/Users/shure/TaroBall/Gtech/ISYE-7406-OAN/Project/mlruns/3/bb4dcf17a214476a973c5067530a8560/artifacts,2026-04-02 03:49:03.235000+00:00,2026-04-02 03:49:06.590000+00:00,-0.25360574407066994,7.27979274611399,0.001317,-0.015451,3.42,-18.891,193.0,0.00233,-27040925.821664013,-0.34180657365807543,-0.06949620932410869,-0.000362,-0.144,39768.03259284525,-0.0731405693348443,3.748,tied,HMM_n4_tied_iter300_seed808,2,0,3,4,HMM_n4_tied_iter300_seed808,NOTEBOOK,shure,regime_modeling.ipynb
97d3aa3e1d7e40e7bfbdd8ddd6a766bd,3,FINISHED,file:C:/Users/shure/TaroBall/Gtech/ISYE-7406-OAN/Project/mlruns/3/97d3aa3e1d7e40e7bfbdd8ddd6a766bd/artifacts,2026-04-02 03:48:59.221000+00:00,2026-04-02 03:49:02.533000+00:00,-0.2536057440706698,50.17857142857143,0.001258,0.000945,3.348,1.753,28.0,-0.00081,-26504938.37165872,-0.34180657365807543,-0.06878609866960606,-0.000495,-0.531,39005.06113376298,-0.0731405693348443,-0.325,tied,HMM_n4_tied_iter300_seed69,0,1,2,4,HMM_n4_tied_iter300_seed69,NOTEBOOK,shure,regime_modeling.ipynb
b0016aa8458840c59c9705c0d5bf97b3,3,FINISHED,file:C:/Users/shure/TaroBall/Gtech/ISYE-7406-OAN/Project/mlruns/3/b0016aa8458840c59c9705c0d5bf97b3/artifacts,2026-04-02 03:48:55.494000+00:00,2026-04-02 03:48:58.868000+00:00,-0.2536057440706698,14.191919191919192,0.001694,-0.00081,3.346,-0.325,99.0,0.000426,-27062695.07070024,-0.34180657365807543,-0.06878609866960606,-0.013066,-14.84,39799.02084770109,-0.0731405693348443,0.497,tied,HMM_n4_tied_iter300_seed1337,0,2,1,4,HMM_n4_tied_iter300_seed1337,NOTEBOOK,shure,regime_modeling.ipynb
e5eebf275ec6486594f17ed374b24e6f,3,FINISHED,file:C:/Users/shure/TaroBall/Gtech/ISYE-7406-OAN/Project/mlruns/3/e5eebf275ec6486594f17ed374b24e6f/artifacts,2026-04-02 03:48:51.708000+00:00,2026-04-02 03:48:55.047000+00:00,-0.25360574407066994,9.064516129032258,0.001551,0.002153,3.736,3.062,155.0,-0.016951,-27173051.91655225,-0.34180657365807543,-0.06949620932410869,-0.000362,-0.144,39956.112443219965,-0.0731405693348443,-21.437,tied,HMM_n4_tied_iter300_seed123,0,1,3,4,HMM_n4_tied_iter300_seed123,NOTEBOOK,shure,regime_modeling.ipynb
bf96fa52a39444c681c39a3f4db58fd2,3,FINISHED,file:C:/Users/shure/TaroBall/Gtech/ISYE-7406-OAN/Project/mlruns/3/bf96fa52a39444c681c39a3f4db58fd2/artifacts,2026-04-02 03:48:48.144000+00:00,2026-04-02 03:48:51.495000+00:00,-0.2536057440706698,32.674418604651166,0.001598,0.000543,3.467,0.621,43.0,-0.00081,-26553817.377756327,-0.34180657365807543,-0.06878609866960606,-1.1e-05,-0.017,39074.63979012968,-0.0731405693348443,-0.325,tied,HMM_n4_tied_iter300_seed420,0,1,2,4,HMM_n4_tied_iter300_seed420,NOTEBOOK,shure,regime_modeling.ipynb
30dc7cf14c9c4f2285937a7964ba22ad,3,FINISHED,file:C:/Users/shure/TaroBall/Gtech/ISYE-7406-OAN/Project/mlruns/3/30dc7cf14c9c4f2285937a7964ba22ad/artifacts,2026-04-02 03:48:44.434000+00:00,2026-04-02 03:48:47.871000+00:00,-0.25360574407066994,7.27979274611399,0.001317,-0.015451,3.42,-18.891,193.0,0.00233,-27040925.821663566,-0.34180657365807543,-0.06949620932410869,-0.000362,-0.144,39768.03259284461,-0.0731405693348443,3.748,tied,HMM_n4_tied_iter200_seed808,2,0,3,4,HMM_n4_tied_iter200_seed808,NOTEBOOK,shure,regime_modeling.ipynb
773266cecfb243a0a6c38f3cf02ac1e1,3,FINISHED,file:C:/Users/shure/TaroBall/Gtech/ISYE-7406-OAN/Project/mlruns/3/773266cecfb243a0a6c38f3cf02ac1e1/artifacts,2026-04-02 03:48:40.475000+00:00,2026-04-02 03:48:43.788000+00:00,-0.2536057440706698,50.17857142857143,0.001258,0.000945,3.348,1.753,28.0,-0.00081,-26504938.37165792,-0.34180657365807543,-0.06878609866960606,-0.000495,-0.531,39005.06113376184,-0.0731405693348443,-0.325,tied,HMM_n4_tied_iter200_seed69,0,1,2,4,HMM_n4_tied_iter200_seed69,NOTEBOOK,shure,regime_modeling.ipynb
a00bb48a6ff746e7a95a4d2104480209,3,FINISHED,file:C:/Users/shure/TaroBall/Gtech/ISYE-7406-OAN/Project/mlruns/3/a00bb48a6ff746e7a95a4d2104480209/artifacts,2026-04-02 03:48:36.714000+00:00,2026-04-02 03:48:40.072000+00:00,-0.2536057440706698,14.191919191919192,0.001694,-0.00081,3.346,-0.325,99.0,0.000426,-27062695.070699517,-0.34180657365807543,-0.06878609866960606,-0.013066,-14.84,39799.020847700056,-0.0731405693348443,0.497,tied,HMM_n4_tied_iter200_seed1337,0,2,1,4,HMM_n4_tied_iter200_seed1337,NOTEBOOK,shure,regime_modeling.ipynb
1cc825b18bd04d9bb6548e77fc29b6cc,3,FINISHED,file:C:/Users/shure/TaroBall/Gtech/ISYE-7406-OAN/Project/mlruns/3/1cc825b18bd04d9bb6548e77fc29b6cc/artifacts,2026-04-02 03:48:32.775000+00:00,2026-04-02 03:48:36.257000+00:00,-0.25360574407066994,9.064516129032258,0.001551,0.002153,3.736,3.062,155.0,-0.016951,-27173051.91655225,-0.34180657365807543,-0.06949620932410869,-0.000362,-0.144,39956.112443219965,-0.0731405693348443,-21.437,tied,HMM_n4_tied_iter200_seed123,0,1,3,4,HMM_n4_tied_iter200_seed123,NOTEBOOK,shure,regime_modeling.ipynb
2d49e42cf5834a0a822e9488a742930e,3,FINISHED,file:C:/Users/shure/TaroBall/Gtech/ISYE-7406-OAN/Project/mlruns/3/2d49e42cf5834a0a822e9488a742930e/artifacts,2026-04-02 03:48:29.029000+00:00,2026-04-02 03:48:32.557000+00:00,-0.2536057440706698,32.674418604651166,0.001598,0.000543,3.467,0.621,43.0,-0.00081,-26553817.377756294,-0.34180657365807543,-0.06878609866960606,-1.1e-05,-0.017,39074.63979012964,-0.0731405693348443,-0.325,tied,HMM_n4_tied_iter200_seed420,0,1,2,4,HMM_n4_tied_iter200_seed420,NOTEBOOK,shure,regime_modeling.ipynb
701669b312cc495a9c86893663bee688,3,FINISHED,file:C:/Users/shure/TaroBall/Gtech/ISYE-7406-OAN/Project/mlruns/3/701669b312cc495a9c86893663bee688/artifacts,2026-04-02 03:48:25.258000+00:00,2026-04-02 03:48:28.745000+00:00,-0.2536057440706698,2.255216693418941,0.001418,-0.008193,3.251,-13.798,623.0,0.006947,-27362143.168298796,-0.34180657365807543,-0.06878609866960606,-0.00081,-0.325,40225.28148485206,-0.0731405693348443,12.818,tied,HMM_n4_tied_iter100_seed808,2,0,3,4,HMM_n4_tied_iter100_seed808,NOTEBOOK,shure,regime_modeling.ipynb
9a1a132527c6446a893eef252b1bdcd9,3,FINISHED,file:C:/Users/shure/TaroBall/Gtech/ISYE-7406-OAN/Project/mlruns/3/9a1a132527c6446a893eef252b1bdcd9/artifacts,2026-04-02 03:48:21.233000+00:00,2026-04-02 03:48:24.701000+00:00,-0.2536057440706698,50.17857142857143,0.001258,0.000945,3.348,1.753,28.0,-0.00081,-26504938.371657487,-0.34180657365807543,-0.06878609866960606,-0.000495,-0.531,39005.06113376123,-0.0731405693348443,-0.325,tied,HMM_n4_tied_iter100_seed69,0,1,2,4,HMM_n4_tied_iter100_seed69,NOTEBOOK,shure,regime_modeling.ipynb
5a383e83bac64e03894ebb4aabd959e6,3,FINISHED,file:C:/Users/shure/TaroBall/Gtech/ISYE-7406-OAN/Project/mlruns/3/5a383e83bac64e03894ebb4aabd959e6/artifacts,2026-04-02 03:48:17.466000+00:00,2026-04-02 03:48:20.829000+00:00,-0.2536057440706698,14.191919191919192,0.001694,-0.00081,3.346,-0.325,99.0,0.000426,-27062695.070700355,-0.34180657365807543,-0.06878609866960606,-0.013066,-14.84,39799.02084770125,-0.0731405693348443,0.497,tied,HMM_n4_tied_iter100_seed1337,0,2,1,4,HMM_n4_tied_iter100_seed1337,NOTEBOOK,shure,regime_modeling.ipynb
fcb668b36325486a94d3d1de77d2f31b,3,FINISHED,file:C:/Users/shure/TaroBall/Gtech/ISYE-7406-OAN/Project/mlruns/3/fcb668b36325486a94d3d1de77d2f31b/artifacts,2026-04-02 03:48:13.586000+00:00,2026-04-02 03:48:17.037000+00:00,-0.25360574407066994,9.064516129032258,0.001551,0.002153,3.736,3.062,155.0,-0.016951,-27173051.916553307,-0.34180657365807543,-0.06949620932410869,-0.000362,-0.144,39956.11244322147,-0.0731405693348443,-21.437,tied,HMM_n4_tied_iter100_seed123,0,1,3,4,HMM_n4_tied_iter100_seed123,NOTEBOOK,shure,regime_modeling.ipynb
0d3f7c6879bc4256a8e84641df1b36de,3,FINISHED,file:C:/Users/shure/TaroBall/Gtech/ISYE-7406-OAN/Project/mlruns/3/0d3f7c6879bc4256a8e84641df1b36de/artifacts,2026-04-02 03:48:10.052000+00:00,2026-04-02 03:48:13.379000+00:00,-0.2536057440706698,32.674418604651166,0.001598,0.000543,3.467,0.621,43.0,-0.00081,-26553817.377756353,-0.34180657365807543,-0.06878609866960606,-1.1e-05,-0.017,39074.63979012972,-0.0731405693348443,-0.325,tied,HMM_n4_tied_iter100_seed420,0,1,2,4,HMM_n4_tied_iter100_seed420,NOTEBOOK,shure,regime_modeling.ipynb
e4d3a7239ae941b8bf97639f85049a37,3,FINISHED,file:C:/Users/shure/TaroBall/Gtech/ISYE-7406-OAN/Project/mlruns/3/e4d3a7239ae941b8bf97639f85049a37/artifacts,2026-04-02 03:48:06.293000+00:00,2026-04-02 03:48:09.778000+00:00,-0.2706151385413934,26.50943396226415,0.000968,-0.000717,2.482,-0.694,53.0,0.000717,-17214903.61024351,-0.34180657365807543,-0.0747573961608158,0.000148,0.062,28063.867026322045,-0.0731405693348443,1.142,full,HMM_n4_full_iter300_seed808,0,1,3,4,HMM_n4_full_iter300_seed808,NOTEBOOK,shure,regime_modeling.ipynb
a344971a804b48baaf49ac1c6700e556,3,FINISHED,file:C:/Users/shure/TaroBall/Gtech/ISYE-7406-OAN/Project/mlruns/3/a344971a804b48baaf49ac1c6700e556/artifacts,2026-04-02 03:48:02.695000+00:00,2026-04-02 03:48:06.053000+00:00,-0.2706151385413933,28.1,0.00028,0.001044,0.447,2.645,50.0,0.000387,-17138114.3082631,-0.34180657365807543,-0.07574267816235596,-9.1e-05,-0.095,27954.558411403315,-0.0731405693348443,0.162,full,HMM_n4_full_iter300_seed69,1,0,2,4,HMM_n4_full_iter300_seed69,NOTEBOOK,shure,regime_modeling.ipynb
4d8d654f3df44ba0bdb8f8018e7f287e,3,FINISHED,file:C:/Users/shure/TaroBall/Gtech/ISYE-7406-OAN/Project/mlruns/3/4d8d654f3df44ba0bdb8f8018e7f287e/artifacts,2026-04-02 03:47:59.190000+00:00,2026-04-02 03:48:02.492000+00:00,-0.2706151385413933,25.089285714285715,0.000921,-0.000331,2.351,-0.171,56.0,0.000344,-16789202.060393296,-0.34180657365807543,-0.06833938716215869,0.000304,0.494,27457.88617244274,-0.0731405693348443,0.386,full,HMM_n4_full_iter300_seed1337,0,2,1,4,HMM_n4_full_iter300_seed1337,NOTEBOOK,shure,regime_modeling.ipynb
62b998851f184b0e9a2ee91d321106da,3,FINISHED,file:C:/Users/shure/TaroBall/Gtech/ISYE-7406-OAN/Project/mlruns/3/62b998851f184b0e9a2ee91d321106da/artifacts,2026-04-02 03:47:55.639000+00:00,2026-04-02 03:47:58.937000+00:00,-0.2706151385413934,26.01851851851852,0.000946,0.000514,2.417,0.821,54.0,-0.000174,-17138513.350799542,-0.34180657365807543,-0.0747573961608158,0.000148,0.062,27955.12644348366,-0.0731405693348443,-0.178,full,HMM_n4_full_iter300_seed123,0,1,3,4,HMM_n4_full_iter300_seed123,NOTEBOOK,shure,regime_modeling.ipynb
fc8c27d07c624a29a13844dc16e3e59c,3,FINISHED,file:C:/Users/shure/TaroBall/Gtech/ISYE-7406-OAN/Project/mlruns/3/fc8c27d07c624a29a13844dc16e3e59c/artifacts,2026-04-02 03:47:52.011000+00:00,2026-04-02 03:47:55.374000+00:00,-0.2536057440706698,28.6734693877551,0.001066,0.000671,2.749,0.745,49.0,-8e-05,-17777861.42202616,-0.34180657365807543,-0.07002529947214349,-0.000394,-0.544,28865.230459464612,-0.0731405693348443,-0.033,full,HMM_n4_full_iter300_seed420,0,1,2,4,HMM_n4_full_iter300_seed420,NOTEBOOK,shure,regime_modeling.ipynb
bd850dfdfb4844e88fb464ff7a5700fd,3,FINISHED,file:C:/Users/shure/TaroBall/Gtech/ISYE-7406-OAN/Project/mlruns/3/bd850dfdfb4844e88fb464ff7a5700fd/artifacts,2026-04-02 03:47:48.433000+00:00,2026-04-02 03:47:51.718000+00:00,-0.2706151385413934,26.50943396226415,0.000968,-0.000717,2.482,-0.694,53.0,0.000717,-17214903.61024369,-0.34180657365807543,-0.0747573961608158,0.000148,0.062,28063.867026322303,-0.0731405693348443,1.142,full,HMM_n4_full_iter200_seed808,0,1,3,4,HMM_n4_full_iter200_seed808,NOTEBOOK,shure,regime_modeling.ipynb
01536dd43cdf460f8746f57d8eb1e4d3,3,FINISHED,file:C:/Users/shure/TaroBall/Gtech/ISYE-7406-OAN/Project/mlruns/3/01536dd43cdf460f8746f57d8eb1e4d3/artifacts,2026-04-02 03:47:44.924000+00:00,2026-04-02 03:47:48.199000+00:00,-0.2706151385413933,28.1,0.00028,0.001044,0.447,2.645,50.0,0.000387,-17138114.308263563,-0.34180657365807543,-0.07574267816235596,-9.1e-05,-0.095,27954.55841140397,-0.0731405693348443,0.162,full,HMM_n4_full_iter200_seed69,1,0,2,4,HMM_n4_full_iter200_seed69,NOTEBOOK,shure,regime_modeling.ipynb
7a48552e4ff243cfb6481c06c1f91430,3,FINISHED,file:C:/Users/shure/TaroBall/Gtech/ISYE-7406-OAN/Project/mlruns/3/7a48552e4ff243cfb6481c06c1f91430/artifacts,2026-04-02 03:47:41.300000+00:00,2026-04-02 03:47:44.706000+00:00,-0.2706151385413933,25.089285714285715,0.000921,-0.000331,2.351,-0.171,56.0,0.000344,-16789202.060393296,-0.34180657365807543,-0.06833938716215869,0.000304,0.494,27457.88617244274,-0.0731405693348443,0.386,full,HMM_n4_full_iter200_seed1337,0,2,1,4,HMM_n4_full_iter200_seed1337,NOTEBOOK,shure,regime_modeling.ipynb
d041e09369fe4e08825e400b28c59565,3,FINISHED,file:C:/Users/shure/TaroBall/Gtech/ISYE-7406-OAN/Project/mlruns/3/d041e09369fe4e08825e400b28c59565/artifacts,2026-04-02 03:47:37.693000+00:00,2026-04-02 03:47:41.048000+00:00,-0.2706151385413934,26.01851851851852,0.000946,0.000514,2.417,0.821,54.0,-0.000174,-17138513.350799255,-0.34180657365807543,-0.0747573961608158,0.000148,0.062,27955.126443483252,-0.0731405693348443,-0.178,full,HMM_n4_full_iter200_seed123,0,1,3,4,HMM_n4_full_iter200_seed123,NOTEBOOK,shure,regime_modeling.ipynb
0d984d5f3a024ddf9e76d050c4a18c48,3,FINISHED,file:C:/Users/shure/TaroBall/Gtech/ISYE-7406-OAN/Project/mlruns/3/0d984d5f3a024ddf9e76d050c4a18c48/artifacts,2026-04-02 03:47:34.094000+00:00,2026-04-02 03:47:37.453000+00:00,-0.2536057440706698,28.6734693877551,0.001066,0.000671,2.749,0.745,49.0,-8e-05,-17777861.422026124,-0.34180657365807543,-0.07002529947214349,-0.000394,-0.544,28865.230459464557,-0.0731405693348443,-0.033,full,HMM_n4_full_iter200_seed420,0,1,2,4,HMM_n4_full_iter200_seed420,NOTEBOOK,shure,regime_modeling.ipynb
0705760ccd134907860ba381f1bbb66d,3,FINISHED,file:C:/Users/shure/TaroBall/Gtech/ISYE-7406-OAN/Project/mlruns/3/0705760ccd134907860ba381f1bbb66d/artifacts,2026-04-02 03:47:30.449000+00:00,2026-04-02 03:47:33.793000+00:00,-0.2706151385413934,26.50943396226415,0.000968,-0.000717,2.482,-0.694,53.0,0.000717,-17214903.610243898,-0.34180657365807543,-0.0747573961608158,0.000148,0.062,28063.8670263226,-0.0731405693348443,1.142,full,HMM_n4_full_iter100_seed808,0,1,3,4,HMM_n4_full_iter100_seed808,NOTEBOOK,shure,regime_modeling.ipynb
8f66060016d249bba4651918491a7d15,3,FINISHED,file:C:/Users/shure/TaroBall/Gtech/ISYE-7406-OAN/Project/mlruns/3/8f66060016d249bba4651918491a7d15/artifacts,2026-04-02 03:47:26.874000+00:00,2026-04-02 03:47:30.203000+00:00,-0.2706151385413933,28.1,0.00028,0.001044,0.447,2.645,50.0,0.000387,-17138114.308263294,-0.34180657365807543,-0.07574267816235596,-9.1e-05,-0.095,27954.55841140359,-0.0731405693348443,0.162,full,HMM_n4_full_iter100_seed69,1,0,2,4,HMM_n4_full_iter100_seed69,NOTEBOOK,shure,regime_modeling.ipynb
158b977af7f34c49b27abb049cd06a84,3,FINISHED,file:C:/Users/shure/TaroBall/Gtech/ISYE-7406-OAN/Project/mlruns/3/158b977af7f34c49b27abb049cd06a84/artifacts,2026-04-02 03:47:23.306000+00:00,2026-04-02 03:47:26.669000+00:00,-0.2706151385413933,25.089285714285715,0.000921,-0.000331,2.351,-0.171,56.0,0.000344,-16789202.060393296,-0.34180657365807543,-0.06833938716215869,0.000304,0.494,27457.88617244274,-0.0731405693348443,0.386,full,HMM_n4_full_iter100_seed1337,0,2,1,4,HMM_n4_full_iter100_seed1337,NOTEBOOK,shure,regime_modeling.ipynb
03057c9da29f4c7b923495ee0ecd360f,3,FINISHED,file:C:/Users/shure/TaroBall/Gtech/ISYE-7406-OAN/Project/mlruns/3/03057c9da29f4c7b923495ee0ecd360f/artifacts,2026-04-02 03:47:19.513000+00:00,2026-04-02 03:47:23.049000+00:00,-0.2706151385413934,26.01851851851852,0.000946,0.000514,2.417,0.821,54.0,-0.000174,-17138513.350798663,-0.34180657365807543,-0.0747573961608158,0.000148,0.062,27955.126443482408,-0.0731405693348443,-0.178,full,HMM_n4_full_iter100_seed123,0,1,3,4,HMM_n4_full_iter100_seed123,NOTEBOOK,shure,regime_modeling.ipynb
30bda71f282949818f9929fbcf34c1d9,3,FINISHED,file:C:/Users/shure/TaroBall/Gtech/ISYE-7406-OAN/Project/mlruns/3/30bda71f282949818f9929fbcf34c1d9/artifacts,2026-04-02 03:47:15.785000+00:00,2026-04-02 03:47:19.251000+00:00,-0.2536057440706698,28.6734693877551,0.001066,0.000671,2.749,0.745,49.0,-8e-05,-17777861.422026113,-0.34180657365807543,-0.07002529947214349,-0.000394,-0.544,28865.23045946454,-0.0731405693348443,-0.033,full,HMM_n4_full_iter100_seed420,0,1,2,4,HMM_n4_full_iter100_seed420,NOTEBOOK,shure,regime_modeling.ipynb
5a91b0111dc24c2192ed663cdddfdd38,3,FAILED,file:C:/Users/shure/TaroBall/Gtech/ISYE-7406-OAN/Project/mlruns/3/5a91b0111dc24c2192ed663cdddfdd38/artifacts,2026-04-02 03:42:57.088000+00:00,2026-04-02 03:42:57.345000+00:00,-0.2536057440706698,28.6734693877551,0.001066,0.000671,2.749,0.745,49.0,-8e-05,-17777861.422026012,-0.34180657365807543,-0.07002529947214349,-0.000394,-0.544,28865.230459464397,-0.0731405693348443,-0.033,full,HMM_n4_full_iter100_seed420,0,1,2,4,HMM_n4_full_iter100_seed420,NOTEBOOK,shure,regime_modeling.ipynb
04fb97a2bf264e3cb8f29f4c38cae48f,3,FINISHED,file:C:/Users/shure/TaroBall/Gtech/ISYE-7406-OAN/Project/mlruns/3/04fb97a2bf264e3cb8f29f4c38cae48f/artifacts,2026-04-02 03:42:51.241000+00:00,2026-04-02 03:42:56.761000+00:00,-0.25360574407067005,20.36231884057971,-0.000169,0.001772,-0.092,5.122,69.0,-0.000794,-29467729.42858479,-0.34180657365807543,-0.0660828011651003,,,42613.74272333729,-0.0731405693348443,-0.944,diag,HMM_n3_diag_iter300_seed808,1,2,0,3,HMM_n3_diag_iter300_seed808,NOTEBOOK,shure,regime_modeling.ipynb
24acc26ce1c94ea3946b4343802b0c72,3,FINISHED,file:C:/Users/shure/TaroBall/Gtech/ISYE-7406-OAN/Project/mlruns/3/24acc26ce1c94ea3946b4343802b0c72/artifacts,2026-04-02 03:42:45.846000+00:00,2026-04-02 03:42:51.135000+00:00,-0.25360574407067005,20.36231884057971,-0.000794,-0.000169,-0.944,-0.092,69.0,0.001772,-29467724.047243107,-0.34180657365807543,-0.0660828011651003,,,42613.73506306443,-0.0731405693348443,5.122,diag,HMM_n3_diag_iter300_seed69,2,0,1,3,HMM_n3_diag_iter300_seed69,NOTEBOOK,shure,regime_modeling.ipynb
c673e2ffcf3a415198d4b95be37e5cdb,3,FINISHED,file:C:/Users/shure/TaroBall/Gtech/ISYE-7406-OAN/Project/mlruns/3/c673e2ffcf3a415198d4b95be37e5cdb/artifacts,2026-04-02 03:42:40.304000+00:00,2026-04-02 03:42:45.737000+00:00,-0.25360574407067005,20.36231884057971,-0.000794,0.001772,-0.944,5.122,69.0,-0.000169,-29467723.969781004,-0.34180657365807543,-0.0660828011651003,,,42613.73495279809,-0.0731405693348443,-0.092,diag,HMM_n3_diag_iter300_seed1337,1,0,2,3,HMM_n3_diag_iter300_seed1337,NOTEBOOK,shure,regime_modeling.ipynb
0933ff8ab6404f26b533117ac3c84f81,3,FINISHED,file:C:/Users/shure/TaroBall/Gtech/ISYE-7406-OAN/Project/mlruns/3/0933ff8ab6404f26b533117ac3c84f81/artifacts,2026-04-02 03:42:34.672000+00:00,2026-04-02 03:42:40.208000+00:00,-0.25360574407067005,20.36231884057971,0.001772,-0.000794,5.122,-0.944,69.0,-0.000169,-29467727.06415103,-0.34180657365807543,-0.0660828011651003,,,42613.73935759528,-0.0731405693348443,-0.092,diag,HMM_n3_diag_iter300_seed123,0,1,2,3,HMM_n3_diag_iter300_seed123,NOTEBOOK,shure,regime_modeling.ipynb
6ae42eba473c458bb33be8043f460bef,3,FINISHED,file:C:/Users/shure/TaroBall/Gtech/ISYE-7406-OAN/Project/mlruns/3/6ae42eba473c458bb33be8043f460bef/artifacts,2026-04-02 03:42:29.295000+00:00,2026-04-02 03:42:34.582000+00:00,-0.25360574407067005,20.36231884057971,0.001772,-0.000794,5.122,-0.944,69.0,-0.000169,-29467725.692567304,-0.34180657365807543,-0.0660828011651003,,,42613.73740516293,-0.0731405693348443,-0.092,diag,HMM_n3_diag_iter300_seed420,0,1,2,3,HMM_n3_diag_iter300_seed420,NOTEBOOK,shure,regime_modeling.ipynb
51c93a57499d46e5ab60a1eb022f7f8f,3,FINISHED,file:C:/Users/shure/TaroBall/Gtech/ISYE-7406-OAN/Project/mlruns/3/51c93a57499d46e5ab60a1eb022f7f8f/artifacts,2026-04-02 03:42:23.938000+00:00,2026-04-02 03:42:29.189000+00:00,-0.25360574407067005,20.36231884057971,-0.000169,0.001772,-0.092,5.122,69.0,-0.000794,-29467729.42858479,-0.34180657365807543,-0.0660828011651003,,,42613.74272333729,-0.0731405693348443,-0.944,diag,HMM_n3_diag_iter200_seed808,1,2,0,3,HMM_n3_diag_iter200_seed808,NOTEBOOK,shure,regime_modeling.ipynb
719919f9228e49dbb16065c7fef626f7,3,FINISHED,file:C:/Users/shure/TaroBall/Gtech/ISYE-7406-OAN/Project/mlruns/3/719919f9228e49dbb16065c7fef626f7/artifacts,2026-04-02 03:42:18.359000+00:00,2026-04-02 03:42:23.847000+00:00,-0.25360574407067005,20.36231884057971,-0.000794,-0.000169,-0.944,-0.092,69.0,0.001772,-29467724.047242876,-0.34180657365807543,-0.0660828011651003,,,42613.7350630641,-0.0731405693348443,5.122,diag,HMM_n3_diag_iter200_seed69,2,0,1,3,HMM_n3_diag_iter200_seed69,NOTEBOOK,shure,regime_modeling.ipynb
5dfe502e35834498aaf39a5d249f0073,3,FINISHED,file:C:/Users/shure/TaroBall/Gtech/ISYE-7406-OAN/Project/mlruns/3/5dfe502e35834498aaf39a5d249f0073/artifacts,2026-04-02 03:42:13.061000+00:00,2026-04-02 03:42:18.262000+00:00,-0.25360574407067005,20.36231884057971,-0.000794,0.001772,-0.944,5.122,69.0,-0.000169,-29467723.969779834,-0.34180657365807543,-0.0660828011651003,,,42613.734952796425,-0.0731405693348443,-0.092,diag,HMM_n3_diag_iter200_seed1337,1,0,2,3,HMM_n3_diag_iter200_seed1337,NOTEBOOK,shure,regime_modeling.ipynb
668dc6a05e6a4e92854f2e3a78870a17,3,FINISHED,file:C:/Users/shure/TaroBall/Gtech/ISYE-7406-OAN/Project/mlruns/3/668dc6a05e6a4e92854f2e3a78870a17/artifacts,2026-04-02 03:42:07.902000+00:00,2026-04-02 03:42:12.978000+00:00,-0.25360574407067005,20.36231884057971,0.001772,-0.000794,5.122,-0.944,69.0,-0.000169,-29467727.06415103,-0.34180657365807543,-0.0660828011651003,,,42613.73935759528,-0.0731405693348443,-0.092,diag,HMM_n3_diag_iter200_seed123,0,1,2,3,HMM_n3_diag_iter200_seed123,NOTEBOOK,shure,regime_modeling.ipynb
383ba14db9b94152801632d70f1d9503,3,FINISHED,file:C:/Users/shure/TaroBall/Gtech/ISYE-7406-OAN/Project/mlruns/3/383ba14db9b94152801632d70f1d9503/artifacts,2026-04-02 03:42:02.578000+00:00,2026-04-02 03:42:07.814000+00:00,-0.25360574407067005,20.36231884057971,0.001772,-0.000794,5.122,-0.944,69.0,-0.000169,-29467725.692567304,-0.34180657365807543,-0.0660828011651003,,,42613.73740516293,-0.0731405693348443,-0.092,diag,HMM_n3_diag_iter200_seed420,0,1,2,3,HMM_n3_diag_iter200_seed420,NOTEBOOK,shure,regime_modeling.ipynb
5fc666ca7587455c803affbe00b8644f,3,FINISHED,file:C:/Users/shure/TaroBall/Gtech/ISYE-7406-OAN/Project/mlruns/3/5fc666ca7587455c803affbe00b8644f/artifacts,2026-04-02 03:41:57.392000+00:00,2026-04-02 03:42:02.493000+00:00,-0.25360574407067005,20.36231884057971,-0.000169,0.001772,-0.092,5.122,69.0,-0.000794,-29467729.42858479,-0.34180657365807543,-0.0660828011651003,,,42613.74272333729,-0.0731405693348443,-0.944,diag,HMM_n3_diag_iter100_seed808,1,2,0,3,HMM_n3_diag_iter100_seed808,NOTEBOOK,shure,regime_modeling.ipynb
12a0644e2c3f46aa8cfe358e01489d4f,3,FINISHED,file:C:/Users/shure/TaroBall/Gtech/ISYE-7406-OAN/Project/mlruns/3/12a0644e2c3f46aa8cfe358e01489d4f/artifacts,2026-04-02 03:41:52.111000+00:00,2026-04-02 03:41:57.307000+00:00,-0.25360574407067005,20.36231884057971,-0.000794,-0.000169,-0.944,-0.092,69.0,0.001772,-29467724.047242876,-0.34180657365807543,-0.0660828011651003,,,42613.7350630641,-0.0731405693348443,5.122,diag,HMM_n3_diag_iter100_seed69,2,0,1,3,HMM_n3_diag_iter100_seed69,NOTEBOOK,shure,regime_modeling.ipynb
41776444319742f0b9ee8721f0d446dc,3,FINISHED,file:C:/Users/shure/TaroBall/Gtech/ISYE-7406-OAN/Project/mlruns/3/41776444319742f0b9ee8721f0d446dc/artifacts,2026-04-02 03:41:46.689000+00:00,2026-04-02 03:41:52.018000+00:00,-0.25360574407067005,20.36231884057971,-0.000794,0.001772,-0.944,5.122,69.0,-0.000169,-29467723.969781004,-0.34180657365807543,-0.0660828011651003,,,42613.73495279809,-0.0731405693348443,-0.092,diag,HMM_n3_diag_iter100_seed1337,1,0,2,3,HMM_n3_diag_iter100_seed1337,NOTEBOOK,shure,regime_modeling.ipynb
eb75b2c5003e4d4bb67a7a9ad12a80ef,3,FINISHED,file:C:/Users/shure/TaroBall/Gtech/ISYE-7406-OAN/Project/mlruns/3/eb75b2c5003e4d4bb67a7a9ad12a80ef/artifacts,2026-04-02 03:41:41.007000+00:00,2026-04-02 03:41:46.585000+00:00,-0.25360574407067005,20.36231884057971,0.001772,-0.000794,5.122,-0.944,69.0,-0.000169,-29467727.064151123,-0.34180657365807543,-0.0660828011651003,,,42613.73935759541,-0.0731405693348443,-0.092,diag,HMM_n3_diag_iter100_seed123,0,1,2,3,HMM_n3_diag_iter100_seed123,NOTEBOOK,shure,regime_modeling.ipynb
7591a21654064173afcae8471ae1f5e4,3,FINISHED,file:C:/Users/shure/TaroBall/Gtech/ISYE-7406-OAN/Project/mlruns/3/7591a21654064173afcae8471ae1f5e4/artifacts,2026-04-02 03:41:35.657000+00:00,2026-04-02 03:41:40.901000+00:00,-0.25360574407067005,20.36231884057971,0.001772,-0.000794,5.122,-0.944,69.0,-0.000169,-29467725.692567304,-0.34180657365807543,-0.0660828011651003,,,42613.73740516293,-0.0731405693348443,-0.092,diag,HMM_n3_diag_iter100_seed420,0,1,2,3,HMM_n3_diag_iter100_seed420,NOTEBOOK,shure,regime_modeling.ipynb
9b4ec66152314945a959fabbfc7151e0,3,FINISHED,file:C:/Users/shure/TaroBall/Gtech/ISYE-7406-OAN/Project/mlruns/3/9b4ec66152314945a959fabbfc7151e0/artifacts,2026-04-02 03:41:24.964000+00:00,2026-04-02 03:41:35.545000+00:00,-0.25360574407066994,9.183006535947712,-0.000362,0.001658,-0.144,2.826,153.0,-0.015629,-28043575.414588034,-0.34180657365807543,-0.06949620932410869,,,41043.08815563741,-0.0731405693348443,-17.438,tied,HMM_n3_tied_iter300_seed808,1,2,0,3,HMM_n3_tied_iter300_seed808,NOTEBOOK,shure,regime_modeling.ipynb
d1f8c6566f0b4b57906dcf007353748d,3,FINISHED,file:C:/Users/shure/TaroBall/Gtech/ISYE-7406-OAN/Project/mlruns/3/d1f8c6566f0b4b57906dcf007353748d/artifacts,2026-04-02 03:41:14.715000+00:00,2026-04-02 03:41:24.663000+00:00,-0.25360574407066994,9.183006535947712,-0.015629,-0.000362,-17.438,-0.144,153.0,0.001658,-28043574.430199888,-0.34180657365807543,-0.06949620932410869,,,41043.086754373144,-0.0731405693348443,2.826,tied,HMM_n3_tied_iter300_seed69,2,0,1,3,HMM_n3_tied_iter300_seed69,NOTEBOOK,shure,regime_modeling.ipynb
96102addf65b45368b08c76d656ef7d7,3,FINISHED,file:C:/Users/shure/TaroBall/Gtech/ISYE-7406-OAN/Project/mlruns/3/96102addf65b45368b08c76d656ef7d7/artifacts,2026-04-02 03:41:10.571000+00:00,2026-04-02 03:41:14.398000+00:00,-0.2536057440706698,50.17857142857143,-0.000345,0.00146,-0.427,3.042,28.0,-0.00081,-27437028.787390776,-0.34180657365807543,-0.06878609866960606,,,40179.67658667334,-0.0731405693348443,-0.325,tied,HMM_n3_tied_iter300_seed1337,1,0,2,3,HMM_n3_tied_iter300_seed1337,NOTEBOOK,shure,regime_modeling.ipynb
fab1efe65c8742f599fc1dce211b6f08,3,FINISHED,file:C:/Users/shure/TaroBall/Gtech/ISYE-7406-OAN/Project/mlruns/3/fab1efe65c8742f599fc1dce211b6f08/artifacts,2026-04-02 03:41:06.543000+00:00,2026-04-02 03:41:10.324000+00:00,-0.2536057440706698,50.17857142857143,0.00146,-0.000345,3.042,-0.427,28.0,-0.00081,-27437028.14687213,-0.34180657365807543,-0.06878609866960606,,,40179.675674903025,-0.0731405693348443,-0.325,tied,HMM_n3_tied_iter300_seed123,0,1,2,3,HMM_n3_tied_iter300_seed123,NOTEBOOK,shure,regime_modeling.ipynb
ffac35ead86d4edf858e41b906ec8108,3,FINISHED,file:C:/Users/shure/TaroBall/Gtech/ISYE-7406-OAN/Project/mlruns/3/ffac35ead86d4edf858e41b906ec8108/artifacts,2026-04-02 03:41:02.574000+00:00,2026-04-02 03:41:06.346000+00:00,-0.2536057440706698,50.17857142857143,0.00146,-0.000345,3.042,-0.427,28.0,-0.00081,-27437031.153934967,-0.34180657365807543,-0.06878609866960606,,,40179.67995541952,-0.0731405693348443,-0.325,tied,HMM_n3_tied_iter300_seed420,0,1,2,3,HMM_n3_tied_iter300_seed420,NOTEBOOK,shure,regime_modeling.ipynb
8734ea23d33a408a94dc39daa6f8fcdb,3,FINISHED,file:C:/Users/shure/TaroBall/Gtech/ISYE-7406-OAN/Project/mlruns/3/8734ea23d33a408a94dc39daa6f8fcdb/artifacts,2026-04-02 03:40:52.525000+00:00,2026-04-02 03:41:02.298000+00:00,-0.25360574407066994,9.183006535947712,-0.000362,0.001658,-0.144,2.826,153.0,-0.015629,-28043575.414588526,-0.34180657365807543,-0.06949620932410869,,,41043.08815563811,-0.0731405693348443,-17.438,tied,HMM_n3_tied_iter200_seed808,1,2,0,3,HMM_n3_tied_iter200_seed808,NOTEBOOK,shure,regime_modeling.ipynb
1475e51fb6bc4495b2b7e804e452fc89,3,FINISHED,file:C:/Users/shure/TaroBall/Gtech/ISYE-7406-OAN/Project/mlruns/3/1475e51fb6bc4495b2b7e804e452fc89/artifacts,2026-04-02 03:40:42.722000+00:00,2026-04-02 03:40:52.284000+00:00,-0.25360574407066994,9.183006535947712,-0.015629,-0.000362,-17.438,-0.144,153.0,0.001658,-28043574.43020067,-0.34180657365807543,-0.06949620932410869,,,41043.08675437426,-0.0731405693348443,2.826,tied,HMM_n3_tied_iter200_seed69,2,0,1,3,HMM_n3_tied_iter200_seed69,NOTEBOOK,shure,regime_modeling.ipynb
2d0cf78455274887939dcb5e6e846278,3,FINISHED,file:C:/Users/shure/TaroBall/Gtech/ISYE-7406-OAN/Project/mlruns/3/2d0cf78455274887939dcb5e6e846278/artifacts,2026-04-02 03:40:38.700000+00:00,2026-04-02 03:40:42.413000+00:00,-0.2536057440706698,50.17857142857143,-0.000345,0.00146,-0.427,3.042,28.0,-0.00081,-27437028.787390072,-0.34180657365807543,-0.06878609866960606,,,40179.676586672336,-0.0731405693348443,-0.325,tied,HMM_n3_tied_iter200_seed1337,1,0,2,3,HMM_n3_tied_iter200_seed1337,NOTEBOOK,shure,regime_modeling.ipynb
c98ca4484a75402db9d69093ddb9bcd1,3,FINISHED,file:C:/Users/shure/TaroBall/Gtech/ISYE-7406-OAN/Project/mlruns/3/c98ca4484a75402db9d69093ddb9bcd1/artifacts,2026-04-02 03:40:34.738000+00:00,2026-04-02 03:40:38.448000+00:00,-0.2536057440706698,50.17857142857143,0.00146,-0.000345,3.042,-0.427,28.0,-0.00081,-27437028.14687213,-0.34180657365807543,-0.06878609866960606,,,40179.675674903025,-0.0731405693348443,-0.325,tied,HMM_n3_tied_iter200_seed123,0,1,2,3,HMM_n3_tied_iter200_seed123,NOTEBOOK,shure,regime_modeling.ipynb
b6e68ee11d934287ad72073ab9b186b3,3,FINISHED,file:C:/Users/shure/TaroBall/Gtech/ISYE-7406-OAN/Project/mlruns/3/b6e68ee11d934287ad72073ab9b186b3/artifacts,2026-04-02 03:40:30.666000+00:00,2026-04-02 03:40:34.544000+00:00,-0.2536057440706698,50.17857142857143,0.00146,-0.000345,3.042,-0.427,28.0,-0.00081,-27437031.153934956,-0.34180657365807543,-0.06878609866960606,,,40179.6799554195,-0.0731405693348443,-0.325,tied,HMM_n3_tied_iter200_seed420,0,1,2,3,HMM_n3_tied_iter200_seed420,NOTEBOOK,shure,regime_modeling.ipynb
561f6082ced94f47bf7192651603a957,3,FINISHED,file:C:/Users/shure/TaroBall/Gtech/ISYE-7406-OAN/Project/mlruns/3/561f6082ced94f47bf7192651603a957/artifacts,2026-04-02 03:40:20.760000+00:00,2026-04-02 03:40:30.395000+00:00,-0.25360574407066994,9.183006535947712,-0.000362,0.001658,-0.144,2.826,153.0,-0.015629,-28043575.414588526,-0.34180657365807543,-0.06949620932410869,,,41043.08815563811,-0.0731405693348443,-17.438,tied,HMM_n3_tied_iter100_seed808,1,2,0,3,HMM_n3_tied_iter100_seed808,NOTEBOOK,shure,regime_modeling.ipynb
9d9eb10c3c25409e8fedb4e8448fb503,3,FINISHED,file:C:/Users/shure/TaroBall/Gtech/ISYE-7406-OAN/Project/mlruns/3/9d9eb10c3c25409e8fedb4e8448fb503/artifacts,2026-04-02 03:40:10.479000+00:00,2026-04-02 03:40:20.511000+00:00,-0.25360574407066994,9.183006535947712,-0.015629,-0.000362,-17.438,-0.144,153.0,0.001658,-28043574.43020067,-0.34180657365807543,-0.06949620932410869,,,41043.08675437426,-0.0731405693348443,2.826,tied,HMM_n3_tied_iter100_seed69,2,0,1,3,HMM_n3_tied_iter100_seed69,NOTEBOOK,shure,regime_modeling.ipynb
6487cf16bccd4bfba1daedb5e6eac53f,3,FINISHED,file:C:/Users/shure/TaroBall/Gtech/ISYE-7406-OAN/Project/mlruns/3/6487cf16bccd4bfba1daedb5e6eac53f/artifacts,2026-04-02 03:40:06.409000+00:00,2026-04-02 03:40:10.166000+00:00,-0.2536057440706698,50.17857142857143,-0.000345,0.00146,-0.427,3.042,28.0,-0.00081,-27437028.787390422,-0.34180657365807543,-0.06878609866960606,,,40179.67658667284,-0.0731405693348443,-0.325,tied,HMM_n3_tied_iter100_seed1337,1,0,2,3,HMM_n3_tied_iter100_seed1337,NOTEBOOK,shure,regime_modeling.ipynb
3e9d184a315b486b91d7fbeb447fff5c,3,FINISHED,file:C:/Users/shure/TaroBall/Gtech/ISYE-7406-OAN/Project/mlruns/3/3e9d184a315b486b91d7fbeb447fff5c/artifacts,2026-04-02 03:40:02.427000+00:00,2026-04-02 03:40:06.167000+00:00,-0.2536057440706698,50.17857142857143,0.00146,-0.000345,3.042,-0.427,28.0,-0.00081,-27437028.146872688,-0.34180657365807543,-0.06878609866960606,,,40179.67567490382,-0.0731405693348443,-0.325,tied,HMM_n3_tied_iter100_seed123,0,1,2,3,HMM_n3_tied_iter100_seed123,NOTEBOOK,shure,regime_modeling.ipynb
6c85c86e8ff143e6b8668cd4c1fbbd2e,3,FINISHED,file:C:/Users/shure/TaroBall/Gtech/ISYE-7406-OAN/Project/mlruns/3/6c85c86e8ff143e6b8668cd4c1fbbd2e/artifacts,2026-04-02 03:39:58.351000+00:00,2026-04-02 03:40:02.232000+00:00,-0.2536057440706698,50.17857142857143,0.00146,-0.000345,3.042,-0.427,28.0,-0.00081,-27437031.153934967,-0.34180657365807543,-0.06878609866960606,,,40179.67995541952,-0.0731405693348443,-0.325,tied,HMM_n3_tied_iter100_seed420,0,1,2,3,HMM_n3_tied_iter100_seed420,NOTEBOOK,shure,regime_modeling.ipynb
7cfa9fc822b849a18941da8c20263b94,3,FINISHED,file:C:/Users/shure/TaroBall/Gtech/ISYE-7406-OAN/Project/mlruns/3/7cfa9fc822b849a18941da8c20263b94/artifacts,2026-04-02 03:39:54.408000+00:00,2026-04-02 03:39:58.098000+00:00,-0.2706151385413933,50.17857142857143,0.000387,0.000793,0.162,1.85,28.0,0.000147,-19535221.318265352,-0.34180657365807543,-0.07574267816235596,,,30453.58851763402,-0.0731405693348443,0.171,full,HMM_n3_full_iter300_seed808,1,2,0,3,HMM_n3_full_iter300_seed808,NOTEBOOK,shure,regime_modeling.ipynb
0135908747b545319b97142f0d49e94d,3,FINISHED,file:C:/Users/shure/TaroBall/Gtech/ISYE-7406-OAN/Project/mlruns/3/0135908747b545319b97142f0d49e94d/artifacts,2026-04-02 03:39:50.503000+00:00,2026-04-02 03:39:54.236000+00:00,-0.2706151385413933,50.17857142857143,0.000147,0.000387,0.171,0.162,28.0,0.000793,-19535220.595624473,-0.34180657365807543,-0.07574267816235596,,,30453.587488963727,-0.0731405693348443,1.85,full,HMM_n3_full_iter300_seed69,2,0,1,3,HMM_n3_full_iter300_seed69,NOTEBOOK,shure,regime_modeling.ipynb
2f7fefbeb8a34d11b5f5481cddcb4544,3,FINISHED,file:C:/Users/shure/TaroBall/Gtech/ISYE-7406-OAN/Project/mlruns/3/2f7fefbeb8a34d11b5f5481cddcb4544/artifacts,2026-04-02 03:39:46.601000+00:00,2026-04-02 03:39:50.322000+00:00,-0.2706151385413933,50.17857142857143,0.000147,0.000793,0.171,1.85,28.0,0.000387,-19535220.303173035,-0.34180657365807543,-0.07574267816235596,,,30453.58707266275,-0.0731405693348443,0.162,full,HMM_n3_full_iter300_seed1337,1,0,2,3,HMM_n3_full_iter300_seed1337,NOTEBOOK,shure,regime_modeling.ipynb
ab14192b61994cd9b87f494453c5bf44,3,FINISHED,file:C:/Users/shure/TaroBall/Gtech/ISYE-7406-OAN/Project/mlruns/3/ab14192b61994cd9b87f494453c5bf44/artifacts,2026-04-02 03:39:42.735000+00:00,2026-04-02 03:39:46.449000+00:00,-0.2706151385413934,54.03846153846154,0.000873,3.8e-05,2.01,0.043,26.0,0.000148,-19546889.160373747,-0.34180657365807543,-0.0747573961608158,,,30470.197545546325,-0.0731405693348443,0.062,full,HMM_n3_full_iter300_seed123,0,1,2,3,HMM_n3_full_iter300_seed123,NOTEBOOK,shure,regime_modeling.ipynb
754fca6547ae443683c370fbb502cbf4,3,FINISHED,file:C:/Users/shure/TaroBall/Gtech/ISYE-7406-OAN/Project/mlruns/3/754fca6547ae443683c370fbb502cbf4/artifacts,2026-04-02 03:39:38.616000+00:00,2026-04-02 03:39:42.596000+00:00,-0.2706151385413931,54.03846153846154,0.000874,-3.3e-05,2.073,-0.039,26.0,0.000937,-19171413.367351096,-0.34180657365807543,-0.07803633282258607,,,29935.712430923337,-0.0731405693348443,0.482,full,HMM_n3_full_iter300_seed420,0,1,2,3,HMM_n3_full_iter300_seed420,NOTEBOOK,shure,regime_modeling.ipynb
b276fd6c570c41f6ae24e05f22550d17,3,FINISHED,file:C:/Users/shure/TaroBall/Gtech/ISYE-7406-OAN/Project/mlruns/3/b276fd6c570c41f6ae24e05f22550d17/artifacts,2026-04-02 03:39:34.759000+00:00,2026-04-02 03:39:38.488000+00:00,-0.2706151385413933,50.17857142857143,0.000387,0.000793,0.162,1.85,28.0,0.000147,-19535221.318265352,-0.34180657365807543,-0.07574267816235596,,,30453.58851763402,-0.0731405693348443,0.171,full,HMM_n3_full_iter200_seed808,1,2,0,3,HMM_n3_full_iter200_seed808,NOTEBOOK,shure,regime_modeling.ipynb
4d04374ca46841e1b7eb6ae264d1cd2b,3,FINISHED,file:C:/Users/shure/TaroBall/Gtech/ISYE-7406-OAN/Project/mlruns/3/4d04374ca46841e1b7eb6ae264d1cd2b/artifacts,2026-04-02 03:39:30.859000+00:00,2026-04-02 03:39:34.587000+00:00,-0.2706151385413933,50.17857142857143,0.000147,0.000387,0.171,0.162,28.0,0.000793,-19535220.595623758,-0.34180657365807543,-0.07574267816235596,,,30453.587488962712,-0.0731405693348443,1.85,full,HMM_n3_full_iter200_seed69,2,0,1,3,HMM_n3_full_iter200_seed69,NOTEBOOK,shure,regime_modeling.ipynb
a60ddb1dbb814c6895416dc549c8c37c,3,FINISHED,file:C:/Users/shure/TaroBall/Gtech/ISYE-7406-OAN/Project/mlruns/3/a60ddb1dbb814c6895416dc549c8c37c/artifacts,2026-04-02 03:39:26.883000+00:00,2026-04-02 03:39:30.672000+00:00,-0.2706151385413933,50.17857142857143,0.000147,0.000793,0.171,1.85,28.0,0.000387,-19535220.303173564,-0.34180657365807543,-0.07574267816235596,,,30453.587072663504,-0.0731405693348443,0.162,full,HMM_n3_full_iter200_seed1337,1,0,2,3,HMM_n3_full_iter200_seed1337,NOTEBOOK,shure,regime_modeling.ipynb
1c1cb9439da14690858c8f77bc1564d9,3,FINISHED,file:C:/Users/shure/TaroBall/Gtech/ISYE-7406-OAN/Project/mlruns/3/1c1cb9439da14690858c8f77bc1564d9/artifacts,2026-04-02 03:39:22.939000+00:00,2026-04-02 03:39:26.721000+00:00,-0.2706151385413934,54.03846153846154,0.000873,3.8e-05,2.01,0.043,26.0,0.000148,-19546889.160373747,-0.34180657365807543,-0.0747573961608158,,,30470.197545546325,-0.0731405693348443,0.062,full,HMM_n3_full_iter200_seed123,0,1,2,3,HMM_n3_full_iter200_seed123,NOTEBOOK,shure,regime_modeling.ipynb
17ea7e4c18054e1281faa5467925cb92,3,FINISHED,file:C:/Users/shure/TaroBall/Gtech/ISYE-7406-OAN/Project/mlruns/3/17ea7e4c18054e1281faa5467925cb92/artifacts,2026-04-02 03:39:18.800000+00:00,2026-04-02 03:39:22.790000+00:00,-0.2706151385413931,54.03846153846154,0.000874,-3.3e-05,2.073,-0.039,26.0,0.000937,-19171413.367350988,-0.34180657365807543,-0.07803633282258607,,,29935.71243092318,-0.0731405693348443,0.482,full,HMM_n3_full_iter200_seed420,0,1,2,3,HMM_n3_full_iter200_seed420,NOTEBOOK,shure,regime_modeling.ipynb
5d7b62ced8104514874b6365db71aa7c,3,FINISHED,file:C:/Users/shure/TaroBall/Gtech/ISYE-7406-OAN/Project/mlruns/3/5d7b62ced8104514874b6365db71aa7c/artifacts,2026-04-02 03:39:14.978000+00:00,2026-04-02 03:39:18.659000+00:00,-0.2706151385413933,50.17857142857143,0.000387,0.000793,0.162,1.85,28.0,0.000147,-19535221.31826617,-0.34180657365807543,-0.07574267816235596,,,30453.588517635184,-0.0731405693348443,0.171,full,HMM_n3_full_iter100_seed808,1,2,0,3,HMM_n3_full_iter100_seed808,NOTEBOOK,shure,regime_modeling.ipynb
08d1b0773b78473f94e65fdae8b6fff6,3,FINISHED,file:C:/Users/shure/TaroBall/Gtech/ISYE-7406-OAN/Project/mlruns/3/08d1b0773b78473f94e65fdae8b6fff6/artifacts,2026-04-02 03:39:11.011000+00:00,2026-04-02 03:39:14.799000+00:00,-0.2706151385413933,50.17857142857143,0.000147,0.000387,0.171,0.162,28.0,0.000793,-19535220.595624473,-0.34180657365807543,-0.07574267816235596,,,30453.587488963727,-0.0731405693348443,1.85,full,HMM_n3_full_iter100_seed69,2,0,1,3,HMM_n3_full_iter100_seed69,NOTEBOOK,shure,regime_modeling.ipynb
1f893c6dacf14a1bb024023a39f87fb9,3,FINISHED,file:C:/Users/shure/TaroBall/Gtech/ISYE-7406-OAN/Project/mlruns/3/1f893c6dacf14a1bb024023a39f87fb9/artifacts,2026-04-02 03:39:06.987000+00:00,2026-04-02 03:39:10.823000+00:00,-0.2706151385413933,50.17857142857143,0.000147,0.000793,0.171,1.85,28.0,0.000387,-19535220.303173352,-0.34180657365807543,-0.07574267816235596,,,30453.587072663202,-0.0731405693348443,0.162,full,HMM_n3_full_iter100_seed1337,1,0,2,3,HMM_n3_full_iter100_seed1337,NOTEBOOK,shure,regime_modeling.ipynb
235f16f6fc7342e789effa01741170ad,3,FINISHED,file:C:/Users/shure/TaroBall/Gtech/ISYE-7406-OAN/Project/mlruns/3/235f16f6fc7342e789effa01741170ad/artifacts,2026-04-02 03:39:03.079000+00:00,2026-04-02 03:39:06.823000+00:00,-0.2706151385413934,54.03846153846154,0.000873,3.8e-05,2.01,0.043,26.0,0.000148,-19546889.16037381,-0.34180657365807543,-0.0747573961608158,,,30470.197545546416,-0.0731405693348443,0.062,full,HMM_n3_full_iter100_seed123,0,1,2,3,HMM_n3_full_iter100_seed123,NOTEBOOK,shure,regime_modeling.ipynb
5e3276fc255c462c80259e7250fa0a2c,3,FINISHED,file:C:/Users/shure/TaroBall/Gtech/ISYE-7406-OAN/Project/mlruns/3/5e3276fc255c462c80259e7250fa0a2c/artifacts,2026-04-02 03:38:48.361000+00:00,2026-04-02 03:39:02.931000+00:00,-0.2706151385413931,54.03846153846154,0.000874,-3.3e-05,2.073,-0.039,26.0,0.000937,-19171413.36735101,-0.34180657365807543,-0.07803633282258607,,,29935.712430923213,-0.0731405693348443,0.482,full,HMM_n3_full_iter100_seed420,0,1,2,3,HMM_n3_full_iter100_seed420,NOTEBOOK,shure,regime_modeling.ipynb
7d1e755fcfab4f1f9eef9a782ae4c429,3,FINISHED,file:C:/Users/shure/TaroBall/Gtech/ISYE-7406-OAN/Project/mlruns/3/7d1e755fcfab4f1f9eef9a782ae4c429/artifacts,2026-04-01 06:17:36.497000+00:00,2026-04-01 06:17:46.605000+00:00,-0.2706151385413933,10.330882352941176,0.001318,-0.000677,0.555,-0.772,136.0,0.001427,-14841.059770432033,-0.34180657365807543,-0.08296167811558634,,,32284.077077718724,-0.0731405693348443,3.867,full,GMM,2,1,0,3,GMM,NOTEBOOK,shure,regime_modeling.ipynb
9966ab478d0d46d89f33764bc2365b95,3,FINISHED,file:C:/Users/shure/TaroBall/Gtech/ISYE-7406-OAN/Project/mlruns/3/9966ab478d0d46d89f33764bc2365b95/artifacts,2026-04-01 06:17:32.857000+00:00,2026-04-01 06:17:36.485000+00:00,-0.2706151385413933,50.17857142857143,0.000793,0.000147,1.85,0.171,28.0,0.000387,-13904.071333698512,-0.34180657365807543,-0.07574267816235596,,,30453.586959742286,-0.0731405693348443,0.162,full,HMM,0,1,2,3,HMM,NOTEBOOK,shure,regime_modeling.ipynb
4c33a74aea69446f8e1aea100a49f586,3,FINISHED,file:C:/Users/shure/TaroBall/Gtech/ISYE-7406-OAN/Project/mlruns/3/4c33a74aea69446f8e1aea100a49f586/artifacts,2026-04-01 06:00:45.220000+00:00,2026-04-01 06:00:55.636000+00:00,-0.2706151385413933,10.330882352941176,0.001318,-0.000677,0.555,-0.772,136.0,0.001427,-14841.059770432033,-0.34180657365807543,,,,32284.077077718724,,3.867,full,GMM,2,1,0,3,GMM,NOTEBOOK,shure,regime_modeling.ipynb
883be83175d54936aa4f4a749f936a62,3,FINISHED,file:C:/Users/shure/TaroBall/Gtech/ISYE-7406-OAN/Project/mlruns/3/883be83175d54936aa4f4a749f936a62/artifacts,2026-04-01 06:00:41.672000+00:00,2026-04-01 06:00:45.209000+00:00,-0.2706151385413933,50.17857142857143,0.000793,0.000147,1.85,0.171,28.0,0.000387,-13904.071333698494,-0.34180657365807543,,,,30453.58695974225,,0.162,full,HMM,0,1,2,3,HMM,NOTEBOOK,shure,regime_modeling.ipynb
